i,j,acf_peak_lag_samples,acf_peak_period_days,acf_peak_value,psd_peak_freq_cyc_per_day,psd_peak_period_days,psd_peak_power
57,245,1,0.125,0.9820531915406296,0.0027397260273972603,365.0,140.49886458064321
100,511,1,0.125,0.9762797626069825,0.008219178082191782,121.66666666666666,197.18793994646398
21,624,1,0.125,0.9975781742910396,0.0027397260273972603,365.0,1736.3538324201863
109,27,1,0.125,0.9782142039482624,0.008219178082191782,121.66666666666666,150.091338569835
20,456,1,0.125,0.9973300433564314,0.0027397260273972603,365.0,1860.1673041139418
179,463,1,0.125,0.981220653318524,0.0,inf,105.52199859081601
21,620,1,0.125,0.9975730139256895,0.0027397260273972603,365.0,1737.1946698562422
196,284,1,0.125,0.9845806585707492,0.0027397260273972603,365.0,133.25182056602975
26,325,1,0.125,0.9970131064666679,0.0027397260273972603,365.0,1408.1036512760834
70,93,1,0.125,0.9779671440620119,0.008219178082191782,121.66666666666666,181.04353963342015
106,328,1,0.125,0.9767484488203768,0.0027397260273972603,365.0,154.9988716991052
95,510,1,0.125,0.9764310739089018,0.008219178082191782,121.66666666666666,205.38211211870833
12,423,1,0.125,0.997373025844277,0.0027397260273972603,365.0,1994.7620071309766
65,496,1,0.125,0.9817068784292654,0.0027397260273972603,365.0,175.19950746392954
90,595,1,0.125,0.9774263905896915,0.008219178082191782,121.66666666666666,228.42597778570666
97,558,1,0.125,0.976817751300867,0.008219178082191782,121.66666666666666,212.14904898415944
48,346,1,0.125,0.985044834221896,0.0027397260273972603,365.0,213.64368379054204
31,313,1,0.125,0.9960631239069514,0.0027397260273972603,365.0,1024.4279781207833
148,227,1,0.125,0.975622827274734,0.0027397260273972603,365.0,141.96225331273607
74,377,1,0.125,0.9796892980577221,0.008219178082191782,121.66666666666666,177.32987045193642
98,401,1,0.125,0.9762311779966495,0.008219178082191782,121.66666666666666,179.10158814679062
188,368,1,0.125,0.9851088204823897,0.0027397260273972603,365.0,108.58163021315035
159,543,1,0.125,0.9788693350870687,0.0027397260273972603,365.0,129.33526690875092
120,114,1,0.125,0.9765869062555486,0.0027397260273972603,365.0,146.03291286266915
70,364,1,0.125,0.9796448734892229,0.008219178082191782,121.66666666666666,163.56206246641372
166,677,1,0.125,0.9808999007862281,0.0027397260273972603,365.0,135.5459689468059
130,747,1,0.125,0.9811111097842043,0.008219178082191782,121.66666666666666,149.64766941152314
116,689,1,0.125,0.9789055652847334,0.008219178082191782,121.66666666666666,189.41464651975002
10,311,1,0.125,0.997278225741489,0.0027397260273972603,365.0,2049.854769111839
69,295,1,0.125,0.9795185686189559,0.008219178082191782,121.66666666666666,157.6255587102147
35,469,1,0.125,0.9944959600510698,0.0027397260273972603,365.0,657.3804029528726
191,453,1,0.125,0.9850687449666189,0.0,inf,104.74969429503268
62,280,1,0.125,0.9804391657437415,0.008219178082191782,121.66666666666666,131.8622711588035
19,5,1,0.125,0.9972449114607804,0.0027397260273972603,365.0,1960.9576550237855
124,309,1,0.125,0.9771211142585534,0.0027397260273972603,365.0,159.93019170217778
85,514,1,0.125,0.9776728562485735,0.008219178082191782,121.66666666666666,215.2879754969223
82,118,1,0.125,0.9772973361160022,0.008219178082191782,121.66666666666666,181.2006382919052
165,22,1,0.125,0.9745439046788874,0.0027397260273972603,365.0,140.1809215609069
152,21,1,0.125,0.9738601956955122,0.0027397260273972603,365.0,138.981317890271
84,85,1,0.125,0.9771521876880408,0.008219178082191782,121.66666666666666,181.17124914732113
192,226,1,0.125,0.9864129387117678,0.0027397260273972603,365.0,136.53035009641738
97,730,1,0.125,0.9783847743704971,0.008219178082191782,121.66666666666666,238.93434164513974
135,621,1,0.125,0.9789360669782164,0.0027397260273972603,365.0,153.7732961968213
61,296,1,0.125,0.9807983281880002,0.0027397260273972603,365.0,131.77745066865643
95,277,1,0.125,0.9766037016951452,0.008219178082191782,121.66666666666666,167.30897126563687
128,551,1,0.125,0.9782177950420509,0.0027397260273972603,365.0,154.52278661204002
63,388,1,0.125,0.9811241996597694,0.0027397260273972603,365.0,151.94967392189656
27,185,1,0.125,0.9968164021890327,0.0027397260273972603,365.0,1366.89434386134
81,578,1,0.125,0.979327802756435,0.008219178082191782,121.66666666666666,228.77682399448807
59,31,1,0.125,0.9807438417456995,0.008219178082191782,121.66666666666666,158.0120249960271
42,571,1,0.125,0.9904059338280267,0.0027397260273972603,365.0,293.2223144747945
150,556,1,0.125,0.979642445709296,0.0027397260273972603,365.0,141.92505965740617
109,604,1,0.125,0.9772133667712659,0.008219178082191782,121.66666666666666,196.07304992709274
79,326,1,0.125,0.9783571816323761,0.008219178082191782,121.66666666666666,186.87862226471805
96,516,1,0.125,0.976384818736642,0.008219178082191782,121.66666666666666,205.17362187675766
25,66,1,0.125,0.9970113878728871,0.0027397260273972603,365.0,1543.1193210067113
4,543,1,0.125,0.995301387010868,0.0027397260273972603,365.0,2097.8973334394295
31,55,1,0.125,0.9958932448257698,0.0027397260273972603,365.0,1101.5801219014309
190,158,1,0.125,0.9855754124241723,0.0027397260273972603,365.0,147.1495545493956
12,687,1,0.125,0.9975855177414,0.0027397260273972603,365.0,1935.9060833636067
139,242,1,0.125,0.9759715017059868,0.0027397260273972603,365.0,150.36809221713986
70,189,1,0.125,0.9787254056886213,0.008219178082191782,121.66666666666666,166.44024695571926
124,174,1,0.125,0.9757851839071915,0.0027397260273972603,365.0,153.20866661812497
8,729,1,0.125,0.9972010510236151,0.0027397260273972603,365.0,1996.4405512053
134,72,1,0.125,0.9754775582902816,0.0027397260273972603,365.0,143.92662988071248
197,140,1,0.125,0.9846811628298625,0.0027397260273972603,365.0,166.89868411984318
90,183,1,0.125,0.9765155831555888,0.008219178082191782,121.66666666666666,168.47789905261592
35,752,1,0.125,0.9953142459331941,0.0027397260273972603,365.0,646.274788528844
155,486,1,0.125,0.978866146493136,0.0027397260273972603,365.0,131.13351265713356
43,48,1,0.125,0.9886967268693322,0.0027397260273972603,365.0,357.01246036637014
52,761,1,0.125,0.9867917285880898,0.0027397260273972603,365.0,202.7490120243817
172,660,1,0.125,0.9816373368977614,0.0,inf,125.1727873721406
134,468,1,0.125,0.9783199511865628,0.0027397260273972603,365.0,155.5053836303403
93,741,1,0.125,0.9786640431514887,0.008219178082191782,121.66666666666666,244.13562224825316
66,49,1,0.125,0.9792162419985244,0.008219178082191782,121.66666666666666,175.4967509678964
128,395,1,0.125,0.9778440675833496,0.0027397260273972603,365.0,160.26199691045835
121,270,1,0.125,0.9758423018495419,0.0027397260273972603,365.0,159.9377719265514
10,720,1,0.125,0.9974827320107786,0.0027397260273972603,365.0,1963.8786864159135
193,470,1,0.125,0.9851680532276449,0.0,inf,104.91827801310887
22,401,1,0.125,0.9973110664377924,0.0027397260273972603,365.0,1705.9336570181322
26,661,1,0.125,0.9973954837329545,0.0027397260273972603,365.0,1355.4295820973089
160,557,1,0.125,0.97974605001766,0.0027397260273972603,365.0,130.30699007674298
166,300,1,0.125,0.977576857332887,0.0027397260273972603,365.0,118.38898469391448
119,552,1,0.125,0.9772759201288207,0.008219178082191782,121.66666666666666,156.92410750666482
143,573,1,0.125,0.9799501399060601,0.0027397260273972603,365.0,149.31935594204282
195,180,1,0.125,0.9846780396225643,0.0027397260273972603,365.0,153.69585622048368
130,286,1,0.125,0.97652945436284,0.0027397260273972603,365.0,157.59521153418206
88,614,1,0.125,0.9777859688439631,0.008219178082191782,121.66666666666666,233.28780338412292
158,260,1,0.125,0.974588079273649,0.0027397260273972603,365.0,129.49403869944894
13,332,1,0.125,0.9973684034628068,0.0027397260273972603,365.0,2002.3520190971215
89,340,1,0.125,0.9759648466334143,0.008219178082191782,121.66666666666666,184.10815690213082
49,45,1,0.125,0.9831563594974343,0.0027397260273972603,365.0,222.87899510230588
65,13,1,0.125,0.9791028321083095,0.008219178082191782,121.66666666666666,179.52444399864396
68,389,1,0.125,0.980486204601938,0.0027397260273972603,365.0,162.34626240001012
192,255,1,0.125,0.9861140353032615,0.0027397260273972603,365.0,130.0445599951305
10,365,1,0.125,0.9972770076833511,0.0027397260273972603,365.0,2038.7861753897473
73,526,1,0.125,0.9802650162281168,0.008219178082191782,121.66666666666666,196.93976266884366
92,608,1,0.125,0.9774995163783107,0.008219178082191782,121.66666666666666,228.14102802258515
97,705,1,0.125,0.9779776025245925,0.008219178082191782,121.66666666666666,236.66115886306434
33,154,1,0.125,0.9954423694411797,0.0027397260273972603,365.0,890.1597693375215
87,69,1,0.125,0.9778305147894797,0.008219178082191782,121.66666666666666,176.98481566881762
157,560,1,0.125,0.9797862722341321,0.0027397260273972603,365.0,134.6060888292683
21,631,1,0.125,0.9975898419654811,0.0027397260273972603,365.0,1734.8221172701667
187,237,1,0.125,0.9855179624110416,0.0027397260273972603,365.0,126.01923774074132
198,109,1,0.125,0.9837565792528058,0.0027397260273972603,365.0,176.33690362365527
110,381,1,0.125,0.9769277349273296,0.0027397260273972603,365.0,160.34716914952477
173,678,1,0.125,0.9818778354880078,0.0,inf,125.12046959987927
120,0,1,0.125,0.9772936848530979,0.0027397260273972603,365.0,136.73655045896277
57,171,1,0.125,0.981801088346208,0.0027397260273972603,365.0,138.78630982123386
131,303,1,0.125,0.9770541948769768,0.0027397260273972603,365.0,156.6569546591306
1,421,1,0.125,0.9929965038357002,0.0027397260273972603,365.0,2170.4196039940875
72,403,1,0.125,0.9802288105884218,0.008219178082191782,121.66666666666666,173.68808015812243
152,361,1,0.125,0.9742180828212653,0.0027397260273972603,365.0,130.44873019318027
122,651,1,0.125,0.9789778572384163,0.008219178082191782,121.66666666666666,163.81440507164882
42,199,1,0.125,0.9897803367493699,0.0027397260273972603,365.0,352.5781105749153
54,519,1,0.125,0.9837665682039592,0.0027397260273972603,365.0,171.66076421449552
88,657,1,0.125,0.9783970400553177,0.008219178082191782,121.66666666666666,239.47835832545698
77,80,1,0.125,0.976820279018254,0.008219178082191782,121.66666666666666,188.40865581118584
8,356,1,0.125,0.9970070899342893,0.0027397260273972603,365.0,2071.594321841097
38,57,1,0.125,0.992101221118558,0.0027397260273972603,365.0,547.5246136287457
183,788,1,0.125,0.9833424127051965,0.0,inf,119.35460137075147
171,43,1,0.125,0.9764690283082554,0.0027397260273972603,365.0,142.28065969899325
141,454,1,0.125,0.9774560479887064,0.0027397260273972603,365.0,149.16197283520307
95,150,1,0.125,0.9775671148104119,0.008219178082191782,121.66666666666666,162.61043987353403
177,162,1,0.125,0.9789559521940885,0.0027397260273972603,365.0,133.69054222163285
33,190,1,0.125,0.9954374784135882,0.0027397260273972603,365.0,879.2169920772749
18,598,1,0.125,0.9975922140193383,0.0027397260273972603,365.0,1865.3057459391075
40,671,1,0.125,0.9915416781183964,0.0027397260273972603,365.0,328.86921543696945
159,608,1,0.125,0.9792755475502013,0.0027397260273972603,365.0,140.55298605014815
122,795,1,0.125,0.9808241718375131,0.008219178082191782,121.66666666666666,180.85116663044877
176,493,1,0.125,0.9813952309985051,0.0,inf,107.64530397175982
108,155,1,0.125,0.9769545842448525,0.008219178082191782,121.66666666666666,143.69339371521414
6,450,1,0.125,0.9963375108246375,0.0027397260273972603,365.0,2082.810155370898
141,656,1,0.125,0.9804427798696425,0.0027397260273972603,365.0,152.42008644503895
192,397,1,0.125,0.9858904313237253,0.0027397260273972603,365.0,109.99040871676702
145,263,1,0.125,0.9748651054902538,0.0027397260273972603,365.0,143.87493571808503
73,261,1,0.125,0.9786137825691275,0.008219178082191782,121.66666666666666,167.26767939664336
59,157,1,0.125,0.9813234410317755,0.008219178082191782,121.66666666666666,133.7150544107545
12,248,1,0.125,0.9973450414380286,0.0027397260273972603,365.0,2032.7332617905645
1,27,1,0.125,0.9934700571951484,0.0027397260273972603,365.0,2244.9184000121927
196,529,1,0.125,0.9831196503348897,0.0,inf,102.94940335346607
143,751,1,0.125,0.9813877836113483,0.0027397260273972603,365.0,146.95745673861512
76,8,1,0.125,0.9769884885713718,0.008219178082191782,121.66666666666666,198.20677455821584
56,239,1,0.125,0.9825075896064442,0.0027397260273972603,365.0,148.3022598298542
57,459,1,0.125,0.9825828722827306,0.0027397260273972603,365.0,162.2838123470921
169,476,1,0.125,0.9790512876263205,0.0027397260273972603,365.0,112.07852864520802
189,139,1,0.125,0.9852857829310536,0.0027397260273972603,365.0,148.54083757154123
12,165,1,0.125,0.9973486453379455,0.0027397260273972603,365.0,2049.37481111651
163,520,1,0.125,0.979069985043236,0.0027397260273972603,365.0,121.55373605519156
174,425,1,0.125,0.9791090454529596,0.0027397260273972603,365.0,106.56231555025154
108,693,1,0.125,0.9782648341194563,0.008219178082191782,121.66666666666666,213.71788834577322
0,550,1,0.125,0.9920957368288781,0.0027397260273972603,365.0,2163.5762426591878
49,99,1,0.125,0.9829141458238233,0.0027397260273972603,365.0,223.6921234363163
49,722,1,0.125,0.9866231490609946,0.0027397260273972603,365.0,200.49296750257915
65,337,1,0.125,0.9803705545762755,0.0027397260273972603,365.0,146.5892473984197
78,45,1,0.125,0.976996198833197,0.008219178082191782,121.66666666666666,193.49167209204776
168,740,1,0.125,0.9809845377802523,0.0027397260273972603,365.0,134.3965724520594
189,264,1,0.125,0.985790258960953,0.0027397260273972603,365.0,122.61444728394896
62,458,1,0.125,0.9815341205192746,0.0027397260273972603,365.0,164.54555766256973
81,43,1,0.125,0.9772010374501111,0.008219178082191782,121.66666666666666,190.91384510377986
26,457,1,0.125,0.9970705215163357,0.0027397260273972603,365.0,1378.166376836012
136,236,1,0.125,0.9762686099943478,0.0027397260273972603,365.0,152.34747681778077
164,121,1,0.125,0.9746211722604684,0.0027397260273972603,365.0,137.89829411320798
74,359,1,0.125,0.9792567513424016,0.008219178082191782,121.66666666666666,175.64831568235013
172,465,1,0.125,0.9792025172285682,0.0,inf,109.03968776127567
196,113,1,0.125,0.9848919001309289,0.0027397260273972603,365.0,170.18084381315364
113,682,1,0.125,0.9786335906263628,0.008219178082191782,121.66666666666666,197.2804819716448
50,305,1,0.125,0.9841209890055028,0.0027397260273972603,365.0,194.6568669706246
134,447,1,0.125,0.9773471927126234,0.0027397260273972603,365.0,156.52024732459626
59,622,1,0.125,0.9828173219921958,0.0027397260273972603,365.0,188.5779236764558
132,86,1,0.125,0.9749913025945854,0.0027397260273972603,365.0,145.061008538578
2,160,1,0.125,0.9940516761186525,0.0027397260273972603,365.0,2204.4643087115605
11,789,1,0.125,0.9975625897925102,0.0027397260273972603,365.0,1940.6203034777275
137,429,1,0.125,0.9775509004438936,0.0027397260273972603,365.0,153.34938148136007
171,169,1,0.125,0.9759183068131064,0.0027397260273972603,365.0,132.54275050908004
125,701,1,0.125,0.9797536333451907,0.008219178082191782,121.66666666666666,162.15079918504364
8,466,1,0.125,0.9970445847866427,0.0027397260273972603,365.0,2047.2088831600392
182,348,1,0.125,0.9825694257894484,0.0027397260273972603,365.0,108.27572681910047
90,111,1,0.125,0.9776153504748373,0.008219178082191782,121.66666666666666,169.77803835645977
142,381,1,0.125,0.976959199304838,0.0027397260273972603,365.0,145.0592098146656
15,256,1,0.125,0.9973731739148581,0.0027397260273972603,365.0,1987.813011305034
53,64,1,0.125,0.9822786803439811,0.0027397260273972603,365.0,175.10704774335628
54,503,1,0.125,0.9840159697446802,0.0027397260273972603,365.0,170.08601832750355
102,581,1,0.125,0.9771102198929288,0.008219178082191782,121.66666666666666,207.0045942804102
102,455,1,0.125,0.9761107059600241,0.008219178082191782,121.66666666666666,180.71967751386202
110,350,1,0.125,0.9765323295347498,0.0027397260273972603,365.0,159.66760092057808
88,653,1,0.125,0.9783511054214764,0.008219178082191782,121.66666666666666,238.92413506304604
192,267,1,0.125,0.9858407122033513,0.0027397260273972603,365.0,127.47359445679977
184,671,1,0.125,0.9841968240722194,0.0,inf,113.156989711737
147,415,1,0.125,0.9771653311610831,0.0027397260273972603,365.0,139.98111372768147
7,158,1,0.125,0.9967821588625423,0.0027397260273972603,365.0,2128.001836889696
39,691,1,0.125,0.9921478436166671,0.0027397260273972603,365.0,371.2047091041797
185,276,1,0.125,0.9847843237560324,0.0027397260273972603,365.0,117.78383924304674
110,614,1,0.125,0.977286177775643,0.008219178082191782,121.66666666666666,195.15150154708644
187,758,1,0.125,0.9846212360162155,0.0,inf,113.25699492441531
157,599,1,0.125,0.9797183401137555,0.0027397260273972603,365.0,141.10460908718426
37,677,1,0.125,0.9938760815187658,0.0027397260273972603,365.0,496.7577773103654
91,399,1,0.125,0.9760115132900522,0.008219178082191782,121.66666666666666,190.25229005252348
95,744,1,0.125,0.9786833302083636,0.008219178082191782,121.66666666666666,242.16499313010226
57,115,1,0.125,0.9816856112862576,0.008219178082191782,121.66666666666666,139.79766802462177
190,108,1,0.125,0.9852412693182971,0.0027397260273972603,365.0,156.58349304856097
191,410,1,0.125,0.9857699003052116,0.0027397260273972603,365.0,106.64495110796507
79,451,1,0.125,0.9786950539588752,0.008219178082191782,121.66666666666666,205.06570377495547
126,434,1,0.125,0.9774868878106754,0.0027397260273972603,365.0,161.9224650650894
130,31,1,0.125,0.9767780265762677,0.0027397260273972603,365.0,140.99983366813544
121,710,1,0.125,0.9793256899693815,0.008219178082191782,121.66666666666666,177.17998097511932
46,275,1,0.125,0.986237690955326,0.0027397260273972603,365.0,260.483322853732
94,96,1,0.125,0.977872497617644,0.008219178082191782,121.66666666666666,165.7621101364721
37,761,1,0.125,0.9941764355587512,0.0027397260273972603,365.0,503.8139351086166
98,388,1,0.125,0.9762489365008773,0.008219178082191782,121.66666666666666,176.85173701373242
26,641,1,0.125,0.9973648872421966,0.0027397260273972603,365.0,1356.8228204514692
24,276,1,0.125,0.9971728233061101,0.0027397260273972603,365.0,1572.1039864002405
157,8,1,0.125,0.9727566354892053,0.0027397260273972603,365.0,138.41982257548335
132,543,1,0.125,0.9784073874070374,0.0027397260273972603,365.0,153.42730012612463
12,770,1,0.125,0.997616988535093,0.0027397260273972603,365.0,1925.4318698225661
17,323,1,0.125,0.9973600439272475,0.0027397260273972603,365.0,1948.7081926035282
169,82,1,0.125,0.9733409058856815,0.0027397260273972603,365.0,140.56125083063318
166,79,1,0.125,0.972917120833954,0.0027397260273972603,365.0,140.27320939514726
22,446,1,0.125,0.9973144420344489,0.0027397260273972603,365.0,1693.809613245257
167,666,1,0.125,0.9809263561475895,0.0027397260273972603,365.0,133.8219637055855
85,251,1,0.125,0.9773643354359149,0.008219178082191782,121.66666666666666,176.42548633230646
60,434,1,0.125,0.9812100927694323,0.0027397260273972603,365.0,156.9248008071114
75,626,1,0.125,0.9810491559741708,0.008219178082191782,121.66666666666666,227.10153624798116
111,595,1,0.125,0.9773748933214848,0.008219178082191782,121.66666666666666,187.9795508098491
56,267,1,0.125,0.9819156592982284,0.0027397260273972603,365.0,148.6957308482915
54,788,1,0.125,0.9864695396117138,0.0027397260273972603,365.0,208.31501798064122
76,38,1,0.125,0.9773617512749447,0.008219178082191782,121.66666666666666,193.24023937156824
28,461,1,0.125,0.9967559708432416,0.0027397260273972603,365.0,1233.5306233790852
117,195,1,0.125,0.9763687884800228,0.0027397260273972603,365.0,153.364415633066
137,414,1,0.125,0.9778468686127468,0.0027397260273972603,365.0,152.70716042857657
19,720,1,0.125,0.9976565176183103,0.0027397260273972603,365.0,1822.6718598504162
130,299,1,0.125,0.9769440351595806,0.0027397260273972603,365.0,157.56623595510482
45,338,1,0.125,0.9873502888142244,0.0027397260273972603,365.0,265.5688856058976
33,176,1,0.125,0.9953566542338619,0.0027397260273972603,365.0,882.7881483347322
53,161,1,0.125,0.9828237017792347,0.0027397260273972603,365.0,176.3278517287704
54,392,1,0.125,0.9837058919551466,0.0027397260273972603,365.0,163.74381654953805
91,354,1,0.125,0.975740616869738,0.008219178082191782,121.66666666666666,182.96403740500983
123,698,1,0.125,0.9795829032960971,0.008219178082191782,121.66666666666666,168.30009750797078
24,0,1,0.125,0.9970609649365805,0.0027397260273972603,365.0,1630.805198410046
94,474,1,0.125,0.9761713865904816,0.008219178082191782,121.66666666666666,199.427993494423
36,770,1,0.125,0.9947940643712696,0.0027397260273972603,365.0,574.4236211032373
192,455,1,0.125,0.9850777151607164,0.0,inf,105.05308247078133
11,110,1,0.125,0.9973396258044916,0.0027397260273972603,365.0,2076.15326500813
27,87,1,0.125,0.9966999355451763,0.0027397260273972603,365.0,1395.4015083715074
19,605,1,0.125,0.9975737479579987,0.0027397260273972603,365.0,1849.7558762574988
79,100,1,0.125,0.9764931916720546,0.008219178082191782,121.66666666666666,187.53400108228047
182,698,1,0.125,0.9834552453914029,0.0,inf,116.50482631855998
167,667,1,0.125,0.9809347476359813,0.0027397260273972603,365.0,133.8643617507113
179,467,1,0.125,0.9814242187384392,0.0,inf,105.60460832265024
77,229,1,0.125,0.9781527662209124,0.008219178082191782,121.66666666666666,175.60702170237724
71,596,1,0.125,0.9816696344734768,0.008219178082191782,121.66666666666666,206.2233114411446
102,277,1,0.125,0.9764308847851868,0.008219178082191782,121.66666666666666,155.50236568637249
133,785,1,0.125,0.9811564520984016,0.008219178082191782,121.66666666666666,141.6420992475423
62,784,1,0.125,0.9851252380707322,0.0027397260273972603,365.0,212.29703124452809
104,626,1,0.125,0.9773525919262569,0.008219178082191782,121.66666666666666,211.7717904106331
40,362,1,0.125,0.9895642924308915,0.0027397260273972603,365.0,364.2245779856743
69,697,1,0.125,0.9834617377332044,0.008219178082191782,121.66666666666666,226.98693870372415
40,650,1,0.125,0.9913712660950205,0.0027397260273972603,365.0,328.56119310577674
183,692,1,0.125,0.9838085326522169,0.0,inf,115.0949695361873
95,495,1,0.125,0.9763990678503256,0.008219178082191782,121.66666666666666,202.16794199430316
65,338,1,0.125,0.9803594866139576,0.0027397260273972603,365.0,146.7516715384957
120,16,1,0.125,0.9775222267903744,0.0027397260273972603,365.0,137.88592215242613
130,488,1,0.125,0.9784152767115544,0.0027397260273972603,365.0,157.42989427720883
62,384,1,0.125,0.9810859887119855,0.0027397260273972603,365.0,149.31401902926564
91,656,1,0.125,0.9780672135475733,0.008219178082191782,121.66666666666666,236.39325701165765
139,290,1,0.125,0.9764364024916854,0.0027397260273972603,365.0,149.88005510827963
116,796,1,0.125,0.9804388786928675,0.008219178082191782,121.66666666666666,201.18455074585995
198,406,1,0.125,0.9835520845059478,0.0027397260273972603,365.0,116.52651334787139
49,111,1,0.125,0.983271209905926,0.0027397260273972603,365.0,223.34013526118352
133,135,1,0.125,0.9760863522014568,0.0027397260273972603,365.0,148.8924809128363
93,264,1,0.125,0.9764895892528954,0.008219178082191782,121.66666666666666,169.1264578260433
98,6,1,0.125,0.9787326899165756,0.008219178082191782,121.66666666666666,166.88100146433254
33,101,1,0.125,0.9952597155114683,0.0027397260273972603,365.0,908.0481228289374
135,23,1,0.125,0.9761642432950964,0.0027397260273972603,365.0,140.34300934635343
182,357,1,0.125,0.9822184661628081,0.0027397260273972603,365.0,107.35556956227435
16,645,1,0.125,0.9976611436245573,0.0027397260273972603,365.0,1883.205742101197
104,137,1,0.125,0.9775885917379749,0.008219178082191782,121.66666666666666,150.65820476628429
5,443,1,0.125,0.9958372345648544,0.0027397260273972603,365.0,2100.5413733922255
130,360,1,0.125,0.9767653542188375,0.0027397260273972603,365.0,157.60329073290674
1,257,1,0.125,0.9930810525729127,0.0027397260273972603,365.0,2199.036541004217
144,450,1,0.125,0.9769143580075165,0.0027397260273972603,365.0,145.30872997717614
56,299,1,0.125,0.9825677569861465,0.0027397260273972603,365.0,150.1959226230992
52,101,1,0.125,0.9823790908323808,0.0027397260273972603,365.0,186.7428311862575
187,636,1,0.125,0.9841692665006159,0.0,inf,108.73346774177129
107,77,1,0.125,0.97761798632916,0.008219178082191782,121.66666666666666,149.35018280224313
47,687,1,0.125,0.988238409185647,0.0027397260273972603,365.0,217.96684356635686
12,619,1,0.125,0.9975238776655753,0.0027397260273972603,365.0,1949.400558461444
188,313,1,0.125,0.9858860630205247,0.0027397260273972603,365.0,115.02179200620822
188,148,1,0.125,0.9848639048322291,0.0027397260273972603,365.0,144.90630104265256
122,701,1,0.125,0.9794740272945271,0.008219178082191782,121.66666666666666,172.1962773795443
75,563,1,0.125,0.9805679483677741,0.008219178082191782,121.66666666666666,211.6570348022831
51,457,1,0.125,0.9844634419818179,0.0027397260273972603,365.0,172.05676254280004
12,777,1,0.125,0.9976175416483783,0.0027397260273972603,365.0,1924.743235291859
152,12,1,0.125,0.9734000287732789,0.0027397260273972603,365.0,138.59702779627312
71,112,1,0.125,0.9783901375840621,0.008219178082191782,121.66666666666666,178.3084909250139
70,392,1,0.125,0.9802388413555482,0.0027397260273972603,365.0,166.25653169679535
53,615,1,0.125,0.984929095278808,0.0027397260273972603,365.0,181.29102227262194
31,534,1,0.125,0.9962139064404179,0.0027397260273972603,365.0,987.4936834650852
112,119,1,0.125,0.977123401848159,0.0027397260273972603,365.0,142.00358180008791
193,217,1,0.125,0.9862550261766515,0.0027397260273972603,365.0,140.6077116289416
193,273,1,0.125,0.9857350675520727,0.0027397260273972603,365.0,128.64964713229747
90,42,1,0.125,0.9784488776914884,0.008219178082191782,121.66666666666666,173.8872418131128
73,3,1,0.125,0.9772616350837553,0.008219178082191782,121.66666666666666,197.71300274379436
2,785,1,0.125,0.9939125566974751,0.0027397260273972603,365.0,2095.3254325671946
4,321,1,0.125,0.9952831167552211,0.0027397260273972603,365.0,2140.1552761954094
37,567,1,0.125,0.9934651536570669,0.0027397260273972603,365.0,501.9085876843726
27,678,1,0.125,0.9972806915025169,0.0027397260273972603,365.0,1286.08765594855
61,141,1,0.125,0.9809025170246233,0.008219178082191782,121.66666666666666,141.60289860330928
163,680,1,0.125,0.9807439596742159,0.0027397260273972603,365.0,139.50047910140538
72,174,1,0.125,0.9782844264430257,0.008219178082191782,121.66666666666666,170.95699061291285
35,797,1,0.125,0.9951945220364105,0.0027397260273972603,365.0,651.5701435926662
41,128,1,0.125,0.9904761409951737,0.0027397260273972603,365.0,391.1178690917401
10,277,1,0.125,0.9972733185867857,0.0027397260273972603,365.0,2056.5080032032897
55,447,1,0.125,0.9831160303442308,0.0027397260273972603,365.0,163.15339596171688
150,241,1,0.125,0.9755043702161181,0.0027397260273972603,365.0,139.3793002556614
43,474,1,0.125,0.9893438078812884,0.0027397260273972603,365.0,282.0942498306379
114,716,1,0.125,0.9789432854148047,0.008219178082191782,121.66666666666666,199.62927591432987
188,185,1,0.125,0.984845983958498,0.0027397260273972603,365.0,137.97664288880782
169,534,1,0.125,0.9789332091831644,0.0027397260273972603,365.0,114.1755231424232
16,629,1,0.125,0.9976411707334555,0.0027397260273972603,365.0,1886.901549021559
110,721,1,0.125,0.9787095642549251,0.008219178082191782,121.66666666666666,212.39480466553536
68,782,1,0.125,0.9847272786830837,0.008219178082191782,121.66666666666666,241.0900292981189
160,700,1,0.125,0.9799969894384042,0.0027397260273972603,365.0,144.10483817773434
149,277,1,0.125,0.9751754374754453,0.0027397260273972603,365.0,138.7477978606773
67,343,1,0.125,0.9799960545322826,0.0027397260273972603,365.0,152.11012724362973
197,571,1,0.125,0.9831484041447527,0.0,inf,100.78087736243833
3,133,1,0.125,0.9948081280982858,0.0027397260273972603,365.0,2195.054110782741
56,41,1,0.125,0.9817299570017279,0.008219178082191782,121.66666666666666,153.9638448658652
141,69,1,0.125,0.9745408862661696,0.0027397260273972603,365.0,143.07590665949476
22,723,1,0.125,0.9976327864959067,0.0027397260273972603,365.0,1639.4390932430379
55,122,1,0.125,0.9823750256678312,0.0027397260273972603,365.0,156.03925170547998
136,718,1,0.125,0.980602118017378,0.0027397260273972603,365.0,147.0915861616611
127,145,1,0.125,0.9763042629449183,0.0027397260273972603,365.0,150.58296161824046
150,395,1,0.125,0.9767904927103471,0.0027397260273972603,365.0,134.85599341742974
97,432,1,0.125,0.975842486795697,0.008219178082191782,121.66666666666666,186.3742062454397
67,394,1,0.125,0.9807481370841772,0.0027397260273972603,365.0,161.0772790410104
27,640,1,0.125,0.9972353291621286,0.0027397260273972603,365.0,1287.6242243699512
198,186,1,0.125,0.9830879917739728,0.0027397260273972603,365.0,159.10076370449895
157,756,1,0.125,0.9806812827208913,0.0027397260273972603,365.0,145.61411810535049
81,760,1,0.125,0.9812670685827767,0.008219178082191782,121.66666666666666,268.9307155001337
17,615,1,0.125,0.9976235235382893,0.0027397260273972603,365.0,1875.693297789583
52,329,1,0.125,0.9838562197244365,0.0027397260273972603,365.0,176.72885842061478
160,735,1,0.125,0.9806550664205148,0.0027397260273972603,365.0,143.83955438925622
176,178,1,0.125,0.9777748665711079,0.0027397260273972603,365.0,131.5322782201774
43,257,1,0.125,0.9884521365782759,0.0027397260273972603,365.0,321.5879069417024
114,430,1,0.125,0.9769770769223687,0.0027397260273972603,365.0,162.1022763241754
11,381,1,0.125,0.9973270735155244,0.0027397260273972603,365.0,2020.0991394998118
66,450,1,0.125,0.9810147834569574,0.0027397260273972603,365.0,169.6693073845355
198,60,1,0.125,0.9842049033745294,0.0027397260273972603,365.0,186.90658763967693
174,371,1,0.125,0.9786322366326551,0.0027397260273972603,365.0,107.69741702729588
178,559,1,0.125,0.9821495220420924,0.0,inf,110.37617567340648
164,73,1,0.125,0.9731635833661384,0.0027397260273972603,365.0,140.2184786944977
139,141,1,0.125,0.9754858355090245,0.0027397260273972603,365.0,147.78687186209194
41,791,1,0.125,0.9918061104080604,0.0027397260273972603,365.0,323.3201672225672
61,151,1,0.125,0.9808984273938434,0.008219178082191782,121.66666666666666,140.06316088340256
153,567,1,0.125,0.9800425896190048,0.0027397260273972603,365.0,140.0846232904544
158,102,1,0.125,0.9721642518897398,0.0027397260273972603,365.0,139.99774783348397
149,453,1,0.125,0.9766038072581423,0.0027397260273972603,365.0,138.84813430613804
98,229,1,0.125,0.9769983772552765,0.008219178082191782,121.66666666666666,160.11023386997255
6,229,1,0.125,0.9963737677274979,0.0027397260273972603,365.0,2127.6625254040273
115,774,1,0.125,0.9802682447492839,0.008219178082191782,121.66666666666666,202.09051168242254
190,530,1,0.125,0.9844830780845327,0.0,inf,103.09610682640708
73,53,1,0.125,0.9778724467097436,0.008219178082191782,121.66666666666666,189.07291662314307
185,253,1,0.125,0.9847494551648954,0.0027397260273972603,365.0,121.54902702029925
151,569,1,0.125,0.9800412817579545,0.0027397260273972603,365.0,142.553684200351
76,497,1,0.125,0.9799137309992538,0.008219178082191782,121.66666666666666,201.66821394162832
178,498,1,0.125,0.9818167788661497,0.0,inf,106.61324256767521
89,353,1,0.125,0.9756071726871316,0.008219178082191782,121.66666666666666,186.12051344023152
178,554,1,0.125,0.9819996676908972,0.0,inf,109.81336496541655
179,747,1,0.125,0.9829336870629567,0.0,inf,122.30186610648984
90,46,1,0.125,0.9784105627236426,0.008219178082191782,121.66666666666666,173.58020607797337
133,309,1,0.125,0.9771490861272124,0.0027397260273972603,365.0,154.80651086403844
43,491,1,0.125,0.9895080592991573,0.0027397260273972603,365.0,280.4369333295889
21,635,1,0.125,0.9975958658382268,0.0027397260273972603,365.0,1733.94783869686
106,631,1,0.125,0.9774785898039603,0.008219178082191782,121.66666666666666,208.09116955421777
197,222,1,0.125,0.9847318242272859,0.0027397260273972603,365.0,147.92662999507527
79,424,1,0.125,0.9788138495583616,0.008219178082191782,121.66666666666666,200.65029097852943
93,283,1,0.125,0.9766523689758912,0.008219178082191782,121.66666666666666,170.87318414830875
186,705,1,0.125,0.983975742110242,0.0,inf,112.07577147332631
42,587,1,0.125,0.9905042279109657,0.0027397260273972603,365.0,292.1953973947391
15,234,1,0.125,0.9973749143320233,0.0027397260273972603,365.0,1991.5580275082264
62,496,1,0.125,0.9818917027648342,0.0027397260273972603,365.0,171.22916969110534
110,586,1,0.125,0.9772365542689178,0.008219178082191782,121.66666666666666,189.10902087311445
196,299,1,0.125,0.9848062625442625,0.0027397260273972603,365.0,131.4880122940084
140,353,1,0.125,0.9754381279845793,0.0027397260273972603,365.0,146.6992681616671
92,193,1,0.125,0.976892352582493,0.008219178082191782,121.66666666666666,166.30115764430508
169,562,1,0.125,0.980524841174108,0.0027397260273972603,365.0,118.81702946657806
47,639,1,0.125,0.9878098637787651,0.0027397260273972603,365.0,213.8807038748347
160,480,1,0.125,0.9785408008396902,0.0027397260273972603,365.0,124.13711570171715
14,637,1,0.125,0.997619167192128,0.0027397260273972603,365.0,1914.886542109064
116,660,1,0.125,0.9786079621877047,0.008219178082191782,121.66666666666666,184.5251723046945
194,440,1,0.125,0.9844895410696075,0.0,inf,106.41631883566251
182,667,1,0.125,0.9837955526785801,0.0,inf,115.23485994936789
37,484,1,0.125,0.9931652670489959,0.0027397260273972603,365.0,513.1346797213577
109,745,1,0.125,0.9792119006878158,0.008219178082191782,121.66666666666666,217.88794975004126
69,434,1,0.125,0.9803370950727889,0.0027397260273972603,365.0,172.61353862307476
88,412,1,0.125,0.9761922108419886,0.008219178082191782,121.66666666666666,196.14678125938764
36,355,1,0.125,0.9933253608267696,0.0027397260273972603,365.0,604.2285800429015
168,785,1,0.125,0.9793909092558696,0.0,inf,134.59462652324387
163,480,1,0.125,0.9787877110819252,0.0027397260273972603,365.0,120.04201141963156
128,333,1,0.125,0.9771121888075998,0.0027397260273972603,365.0,158.9935076577278
111,482,1,0.125,0.9768699336008184,0.008219178082191782,121.66666666666666,164.8770192526894
113,211,1,0.125,0.976705414249192,0.0027397260273972603,365.0,152.13724703703997
144,380,1,0.125,0.9767157802871498,0.0027397260273972603,365.0,142.29347762230773
90,626,1,0.125,0.977540925933505,0.008219178082191782,121.66666666666666,233.71391350409723
80,31,1,0.125,0.976950393503724,0.008219178082191782,121.66666666666666,194.55935806125294
107,726,1,0.125,0.9786793626607617,0.008219178082191782,121.66666666666666,220.13539381778446
162,188,1,0.125,0.9739340156924647,0.0027397260273972603,365.0,133.598983363932
164,311,1,0.125,0.9772282698605153,0.0027397260273972603,365.0,119.33397150817787
109,684,1,0.125,0.9782513886814095,0.008219178082191782,121.66666666666666,210.03303432705178
178,77,1,0.125,0.9780781016890628,0.0027397260273972603,365.0,144.77775080225658
187,460,1,0.125,0.9843463249014298,0.0,inf,103.88182051344023
130,67,1,0.125,0.9761267494642248,0.0027397260273972603,365.0,143.72408762046743
27,9,1,0.125,0.9966932862329407,0.0027397260273972603,365.0,1418.4068705811942
33,716,1,0.125,0.9959647471573599,0.0027397260273972603,365.0,804.8619701060124
188,272,1,0.125,0.9855719530939463,0.0027397260273972603,365.0,119.83428132413425
63,150,1,0.125,0.9804639161609404,0.008219178082191782,121.66666666666666,147.04191721876433
94,508,1,0.125,0.976438898381514,0.008219178082191782,121.66666666666666,206.4970864396726
113,559,1,0.125,0.9771125683667763,0.008219178082191782,121.66666666666666,174.84871209587632
171,523,1,0.125,0.9798938152716495,0.0,inf,111.58724836468642
54,428,1,0.125,0.9836660333160743,0.0027397260273972603,365.0,164.28581413193538
137,453,1,0.125,0.9775629055026194,0.0027397260273972603,365.0,153.6703224404796
47,505,1,0.125,0.9868805971801737,0.0027397260273972603,365.0,210.73616625835507
183,20,1,0.125,0.9820995367444267,0.0027397260273972603,365.0,155.54523483252942
155,157,1,0.125,0.973884042560895,0.0027397260273972603,365.0,139.42195653831698
132,591,1,0.125,0.9792322760042178,0.0027397260273972603,365.0,153.21851698879502
196,725,1,0.125,0.9822411384593945,0.008219178082191782,121.66666666666666,105.03438959688174
102,317,1,0.125,0.9766938659077747,0.008219178082191782,121.66666666666666,159.3060340538557
32,652,1,0.125,0.9962918578605349,0.0027397260273972603,365.0,890.8625906939787
131,225,1,0.125,0.976461572428633,0.0027397260273972603,365.0,155.11005399758125
174,716,1,0.125,0.9813916117330517,0.0,inf,126.02306124916521
20,322,1,0.125,0.9972561415593073,0.0027397260273972603,365.0,1894.525640785767
91,607,1,0.125,0.9774893087665109,0.008219178082191782,121.66666666666666,229.24035646234736
58,675,1,0.125,0.9845239666259692,0.0027397260273972603,365.0,192.9795025515168
24,669,1,0.125,0.9975577807701352,0.0027397260273972603,365.0,1497.6536483833156
91,735,1,0.125,0.9785613713112862,0.008219178082191782,121.66666666666666,245.92065356929172
185,558,1,0.125,0.9841688232874792,0.0,inf,106.0920472736487
109,259,1,0.125,0.9760351950754725,0.0027397260273972603,365.0,154.34260179264024
19,475,1,0.125,0.9973918615018613,0.0027397260273972603,365.0,1882.5392486800406
55,13,1,0.125,0.9816477165851687,0.008219178082191782,121.66666666666666,159.5693478581838
150,675,1,0.125,0.9806744762625031,0.0027397260273972603,365.0,150.61276166653857
56,566,1,0.125,0.9838120559827793,0.0027397260273972603,365.0,176.93906029016495
133,757,1,0.125,0.981379198348872,0.0027397260273972603,365.0,140.66438446638836
73,254,1,0.125,0.9787214495274257,0.008219178082191782,121.66666666666666,167.34822022428176
126,87,1,0.125,0.9756836575104667,0.0027397260273972603,365.0,144.5693054527987
63,463,1,0.125,0.9816083175472734,0.0027397260273972603,365.0,166.86252664272516
187,374,1,0.125,0.9849162911813869,0.0027397260273972603,365.0,107.51761838867493
45,541,1,0.125,0.9881932086932317,0.0027397260273972603,365.0,240.9954250654938
127,80,1,0.125,0.9758986697927179,0.0027397260273972603,365.0,144.30968767745125
90,579,1,0.125,0.9772832033957406,0.008219178082191782,121.66666666666666,225.67259437335863
13,448,1,0.125,0.9974032348020576,0.0027397260273972603,365.0,1973.853743936306
4,49,1,0.125,0.995503785229319,0.0027397260273972603,365.0,2194.21757296452
160,280,1,0.125,0.9756995743340965,0.0027397260273972603,365.0,125.8736199231439
27,227,1,0.125,0.9968870690036167,0.0027397260273972603,365.0,1357.0928406396351
1,624,1,0.125,0.993022527181972,0.0027397260273972603,365.0,2131.559840761726
96,331,1,0.125,0.9764669184560265,0.008219178082191782,121.66666666666666,171.61920853361767
108,614,1,0.125,0.9772199562088845,0.008219178082191782,121.66666666666666,200.58248985605678
72,154,1,0.125,0.978554559737076,0.008219178082191782,121.66666666666666,173.1539569076515
137,41,1,0.125,0.9759356262691065,0.0027397260273972603,365.0,141.6013213393967
28,339,1,0.125,0.9966572536791349,0.0027397260273972603,365.0,1258.9714903715978
184,195,1,0.125,0.9836617161825211,0.0027397260273972603,365.0,132.60062326223405
150,799,1,0.125,0.9787932877533044,0.0027397260273972603,365.0,145.33565136076763
25,693,1,0.125,0.9974838488430946,0.0027397260273972603,365.0,1422.97296481789
179,472,1,0.125,0.9816455950813712,0.0,inf,105.70746478700583
126,685,1,0.125,0.9798329916651226,0.008219178082191782,121.66666666666666,156.1846500310632
122,136,1,0.125,0.9766062966249074,0.0027397260273972603,365.0,148.82791631892843
60,319,1,0.125,0.9808952421511749,0.0027397260273972603,365.0,133.66393810111157
30,354,1,0.125,0.9960958965301342,0.0027397260273972603,365.0,1108.3556097736766
28,457,1,0.125,0.9967310494221859,0.0027397260273972603,365.0,1233.9320919732606
131,609,1,0.125,0.9789670952499426,0.0027397260273972603,365.0,153.03323049817254
176,696,1,0.125,0.9820147185595061,0.0,inf,123.08002611676413
84,378,1,0.125,0.9776585352602033,0.008219178082191782,121.66666666666666,192.30565146218223
136,216,1,0.125,0.9762330682709216,0.0027397260273972603,365.0,151.93419381694554
13,387,1,0.125,0.9973862065428396,0.0027397260273972603,365.0,1989.6931905936929
155,546,1,0.125,0.9791756783509173,0.0027397260273972603,365.0,134.6516405676118
105,211,1,0.125,0.9769993732991166,0.008219178082191782,121.66666666666666,147.72214153338825
194,721,1,0.125,0.9831314183298702,0.0,inf,102.51132109517913
80,254,1,0.125,0.9775513928098981,0.008219178082191782,121.66666666666666,179.94613171046063
125,132,1,0.125,0.9765058053204656,0.0027397260273972603,365.0,148.89823571368038
190,384,1,0.125,0.9858127711301908,0.0027397260273972603,365.0,109.27529547380374
187,255,1,0.125,0.9853820547375529,0.0027397260273972603,365.0,122.28451543725436
87,529,1,0.125,0.9769589667081241,0.008219178082191782,121.66666666666666,218.41290551800788
64,63,1,0.125,0.9796206481370915,0.008219178082191782,121.66666666666666,166.02135255304123
97,582,1,0.125,0.9771692020140168,0.008219178082191782,121.66666666666666,216.7743163394535
13,269,1,0.125,0.9973601345954748,0.0027397260273972603,365.0,2014.033186882171
76,632,1,0.125,0.980947400751033,0.008219178082191782,121.66666666666666,231.85928604789115
56,427,1,0.125,0.9828955289012852,0.0027397260273972603,365.0,159.69141351618313
123,407,1,0.125,0.9777675737692101,0.0027397260273972603,365.0,162.17575710026978
63,709,1,0.125,0.9841610939804852,0.0027397260273972603,365.0,200.95104170381234
189,516,1,0.125,0.9847365086085605,0.0,inf,103.29321208949486
53,435,1,0.125,0.983860429030559,0.0027397260273972603,365.0,166.80540088972884
25,2,1,0.125,0.9969664986212418,0.0027397260273972603,365.0,1558.7564294825343
59,38,1,0.125,0.9807887237668029,0.008219178082191782,121.66666666666666,156.38762806121392
120,602,1,0.125,0.9779903911500685,0.008219178082191782,121.66666666666666,162.380805983839
126,744,1,0.125,0.9807951446318387,0.008219178082191782,121.66666666666666,162.84685667860026
44,602,1,0.125,0.9895647518696236,0.0027397260273972603,365.0,256.40759571695617
81,368,1,0.125,0.9781485462539822,0.008219178082191782,121.66666666666666,192.54114204319555
112,117,1,0.125,0.9771189531802412,0.0027397260273972603,365.0,141.77569672481332
148,117,1,0.125,0.9740264304994737,0.0027397260273972603,365.0,143.1197691783874
110,535,1,0.125,0.9762649866902395,0.008219178082191782,121.66666666666666,178.715738338905
